unacc,unacc
unacc,unacc
unacc,unacc
unacc,unacc
unacc,unacc
unacc,unacc
unacc,unacc
unacc,unacc
unacc,unacc
unacc,unacc
unacc,unacc
unacc,unacc
unacc,unacc
unacc,unacc
unacc,unacc
unacc,unacc
unacc,unacc
unacc,unacc
unacc,unacc
unacc,unacc
unacc,unacc
unacc,unacc
unacc,unacc
unacc,unacc
unacc,unacc
unacc,unacc
unacc,unacc
unacc,unacc
unacc,unacc
unacc,unacc
unacc,unacc
unacc,unacc
unacc,unacc
unacc,unacc
unacc,unacc
unacc,unacc
unacc,unacc
unacc,unacc
unacc,unacc
unacc,unacc
unacc,unacc
unacc,unacc
unacc,unacc
unacc,unacc
unacc,unacc
unacc,unacc
unacc,unacc
unacc,unacc
unacc,unacc
unacc,unacc
unacc,unacc
unacc,unacc
unacc,unacc
unacc,unacc
unacc,unacc
unacc,unacc
unacc,unacc
unacc,unacc
unacc,unacc
unacc,unacc
unacc,unacc
unacc,unacc
unacc,unacc
unacc,unacc
unacc,unacc
unacc,unacc
unacc,unacc
unacc,unacc
unacc,unacc
unacc,unacc
unacc,unacc
unacc,unacc
unacc,unacc
unacc,unacc
unacc,unacc
unacc,unacc
unacc,unacc
unacc,unacc
unacc,unacc
unacc,unacc
unacc,unacc
unacc,unacc
unacc,unacc
unacc,unacc
unacc,unacc
unacc,unacc
unacc,unacc
unacc,unacc
unacc,unacc
unacc,unacc
unacc,unacc
unacc,unacc
unacc,unacc
unacc,unacc
unacc,unacc
unacc,unacc
unacc,unacc
unacc,unacc
unacc,unacc
unacc,unacc
unacc,unacc
unacc,unacc
unacc,unacc
unacc,unacc
unacc,unacc
unacc,unacc
unacc,unacc
unacc,unacc
unacc,unacc
unacc,unacc
unacc,unacc
unacc,unacc
unacc,unacc
unacc,unacc
unacc,unacc
unacc,unacc
unacc,unacc
unacc,unacc
unacc,unacc
unacc,unacc
unacc,unacc
unacc,unacc
unacc,unacc
unacc,unacc
unacc,unacc
unacc,unacc
unacc,unacc
unacc,unacc
unacc,unacc
unacc,unacc
unacc,unacc
unacc,unacc
unacc,unacc
unacc,unacc
unacc,unacc
unacc,unacc
unacc,unacc
unacc,unacc
unacc,unacc
unacc,unacc
unacc,unacc
unacc,unacc
unacc,unacc
unacc,unacc
unacc,unacc
unacc,unacc
unacc,unacc
unacc,unacc
unacc,unacc
acc,unacc
unacc,unacc
unacc,unacc
acc,unacc
unacc,unacc
unacc,unacc
unacc,unacc
unacc,unacc
unacc,unacc
acc,unacc
unacc,unacc
unacc,unacc
acc,unacc
unacc,unacc
unacc,unacc
unacc,unacc
unacc,unacc
unacc,unacc
unacc,unacc
unacc,unacc
unacc,unacc
unacc,unacc
unacc,unacc
unacc,unacc
unacc,unacc
unacc,unacc
unacc,unacc
acc,unacc
unacc,unacc
unacc,unacc
acc,unacc
unacc,unacc
unacc,unacc
unacc,unacc
unacc,unacc
unacc,unacc
acc,unacc
unacc,unacc
unacc,unacc
acc,unacc
unacc,unacc
unacc,unacc
unacc,unacc
unacc,unacc
unacc,unacc
unacc,unacc
unacc,unacc
unacc,unacc
unacc,unacc
unacc,unacc
unacc,unacc
unacc,unacc
unacc,unacc
unacc,unacc
acc,unacc
unacc,unacc
unacc,unacc
acc,unacc
unacc,unacc
unacc,unacc
unacc,unacc
unacc,unacc
unacc,unacc
acc,unacc
unacc,unacc
unacc,unacc
acc,unacc
unacc,unacc
unacc,unacc
unacc,unacc
unacc,unacc
unacc,unacc
unacc,unacc
unacc,unacc
unacc,unacc
unacc,unacc
unacc,unacc
unacc,unacc
unacc,acc
unacc,unacc
unacc,unacc
acc,acc
unacc,unacc
unacc,acc
acc,acc
unacc,unacc
unacc,unacc
unacc,unacc
unacc,unacc
unacc,unacc
unacc,acc
unacc,unacc
unacc,acc
acc,acc
unacc,unacc
unacc,unacc
unacc,unacc
unacc,unacc
unacc,unacc
unacc,unacc
unacc,unacc
unacc,unacc
unacc,unacc
unacc,unacc
unacc,unacc
unacc,acc
unacc,unacc
unacc,unacc
acc,acc
unacc,unacc
acc,acc
acc,acc
unacc,unacc
unacc,unacc
unacc,acc
unacc,unacc
unacc,acc
acc,acc
unacc,unacc
unacc,acc
acc,acc
unacc,unacc
unacc,unacc
unacc,unacc
unacc,unacc
unacc,unacc
unacc,unacc
unacc,unacc
unacc,unacc
unacc,unacc
unacc,unacc
unacc,unacc
acc,acc
unacc,unacc
acc,acc
acc,acc
unacc,unacc
acc,acc
acc,acc
unacc,unacc
unacc,unacc
unacc,acc
unacc,unacc
unacc,acc
acc,acc
unacc,unacc
acc,acc
acc,acc
unacc,unacc
unacc,unacc
unacc,unacc
unacc,unacc
unacc,unacc
unacc,unacc
unacc,unacc
unacc,unacc
unacc,unacc
unacc,unacc
unacc,unacc
acc,acc
unacc,unacc
acc,acc
acc,acc
unacc,unacc
acc,acc
acc,acc
unacc,unacc
unacc,unacc
unacc,acc
unacc,unacc
unacc,acc
acc,acc
unacc,unacc
acc,acc
acc,acc
unacc,unacc
unacc,unacc
unacc,unacc
unacc,unacc
unacc,unacc
unacc,unacc
unacc,unacc
unacc,unacc
unacc,unacc
unacc,unacc
unacc,unacc
unacc,acc
unacc,unacc
unacc,unacc
unacc,acc
unacc,unacc
unacc,acc
unacc,acc
unacc,unacc
unacc,unacc
unacc,unacc
unacc,unacc
unacc,unacc
unacc,acc
unacc,unacc
unacc,acc
unacc,acc
unacc,unacc
unacc,unacc
unacc,unacc
unacc,unacc
unacc,unacc
unacc,unacc
unacc,unacc
unacc,unacc
unacc,unacc
unacc,unacc
unacc,unacc
unacc,acc
unacc,unacc
unacc,unacc
acc,acc
unacc,unacc
unacc,acc
acc,acc
unacc,unacc
unacc,unacc
unacc,acc
unacc,unacc
unacc,acc
acc,acc
unacc,unacc
unacc,acc
acc,acc
unacc,unacc
unacc,unacc
unacc,unacc
unacc,unacc
unacc,unacc
unacc,unacc
unacc,unacc
unacc,unacc
unacc,unacc
unacc,unacc
unacc,unacc
unacc,acc
unacc,unacc
unacc,acc
acc,acc
unacc,unacc
unacc,acc
acc,acc
unacc,unacc
unacc,unacc
unacc,acc
unacc,unacc
unacc,acc
acc,acc
unacc,unacc
unacc,acc
acc,acc
unacc,unacc
unacc,unacc
unacc,unacc
unacc,unacc
unacc,unacc
unacc,unacc
unacc,unacc
unacc,unacc
unacc,unacc
unacc,unacc
unacc,unacc
unacc,acc
unacc,unacc
unacc,acc
acc,acc
unacc,unacc
unacc,acc
acc,acc
unacc,unacc
unacc,unacc
unacc,acc
unacc,unacc
unacc,acc
acc,acc
unacc,unacc
unacc,acc
acc,acc
unacc,unacc
unacc,unacc
unacc,unacc
unacc,unacc
unacc,unacc
unacc,unacc
unacc,unacc
unacc,unacc
unacc,unacc
unacc,unacc
unacc,unacc
unacc,unacc
unacc,unacc
unacc,unacc
unacc,unacc
unacc,unacc
unacc,unacc
unacc,unacc
unacc,unacc
unacc,unacc
unacc,unacc
unacc,unacc
unacc,unacc
unacc,unacc
unacc,unacc
unacc,unacc
unacc,unacc
unacc,unacc
unacc,unacc
unacc,unacc
unacc,unacc
unacc,unacc
unacc,unacc
unacc,unacc
unacc,unacc
unacc,unacc
unacc,unacc
unacc,unacc
unacc,unacc
unacc,unacc
unacc,unacc
acc,unacc
unacc,unacc
unacc,unacc
acc,unacc
unacc,unacc
unacc,unacc
unacc,unacc
unacc,unacc
unacc,unacc
unacc,unacc
unacc,unacc
unacc,unacc
acc,unacc
unacc,unacc
unacc,unacc
unacc,unacc
unacc,unacc
unacc,unacc
unacc,unacc
unacc,unacc
unacc,unacc
unacc,unacc
unacc,unacc
unacc,unacc
unacc,unacc
unacc,unacc
unacc,unacc
acc,unacc
unacc,unacc
unacc,unacc
acc,unacc
unacc,unacc
unacc,unacc
unacc,unacc
unacc,unacc
unacc,unacc
acc,unacc
unacc,unacc
unacc,unacc
acc,unacc
unacc,unacc
unacc,unacc
unacc,unacc
unacc,unacc
unacc,unacc
unacc,unacc
unacc,unacc
unacc,unacc
unacc,unacc
unacc,unacc
unacc,unacc
unacc,unacc
unacc,unacc
unacc,unacc
acc,unacc
unacc,unacc
unacc,unacc
acc,unacc
unacc,unacc
unacc,unacc
unacc,unacc
unacc,unacc
unacc,unacc
acc,unacc
unacc,unacc
unacc,unacc
acc,unacc
unacc,unacc
unacc,unacc
unacc,unacc
unacc,unacc
unacc,unacc
unacc,unacc
unacc,unacc
unacc,unacc
unacc,unacc
unacc,unacc
unacc,unacc
unacc,acc
unacc,unacc
unacc,unacc
acc,acc
unacc,unacc
acc,acc
acc,acc
unacc,unacc
unacc,unacc
unacc,unacc
unacc,unacc
unacc,unacc
acc,acc
unacc,unacc
unacc,acc
acc,acc
unacc,unacc
unacc,unacc
unacc,unacc
unacc,unacc
unacc,unacc
unacc,unacc
unacc,unacc
unacc,unacc
unacc,unacc
unacc,unacc
unacc,unacc
acc,acc
unacc,unacc
acc,unacc
acc,acc
unacc,unacc
acc,acc
acc,acc
unacc,unacc
unacc,unacc
acc,acc
unacc,unacc
acc,acc
acc,acc
unacc,unacc
acc,acc
acc,acc
unacc,unacc
unacc,unacc
unacc,unacc
unacc,unacc
unacc,unacc
unacc,unacc
unacc,unacc
unacc,unacc
unacc,unacc
unacc,unacc
unacc,unacc
acc,acc
unacc,unacc
acc,acc
acc,acc
unacc,unacc
acc,acc
acc,acc
unacc,unacc
unacc,unacc
acc,acc
unacc,unacc
acc,acc
acc,acc
unacc,unacc
acc,acc
acc,acc
unacc,unacc
unacc,unacc
unacc,unacc
unacc,unacc
unacc,unacc
unacc,unacc
unacc,unacc
unacc,unacc
unacc,unacc
unacc,unacc
unacc,unacc
acc,acc
unacc,unacc
acc,acc
acc,acc
unacc,unacc
acc,acc
acc,acc
unacc,unacc
unacc,unacc
acc,acc
unacc,unacc
acc,acc
acc,acc
unacc,unacc
acc,acc
acc,acc
unacc,unacc
unacc,unacc
unacc,unacc
unacc,unacc
unacc,unacc
unacc,unacc
unacc,unacc
unacc,unacc
unacc,unacc
unacc,unacc
unacc,unacc
acc,acc
unacc,unacc
acc,unacc
acc,acc
unacc,unacc
acc,acc
acc,acc
unacc,unacc
unacc,unacc
acc,unacc
unacc,unacc
acc,unacc
acc,acc
unacc,unacc
acc,acc
acc,acc
unacc,unacc
unacc,unacc
unacc,unacc
unacc,unacc
unacc,unacc
unacc,unacc
unacc,unacc
unacc,unacc
unacc,unacc
unacc,unacc
acc,unacc
acc,acc
unacc,unacc
acc,unacc
acc,acc
unacc,unacc
acc,acc
acc,acc
unacc,unacc
unacc,unacc
acc,acc
unacc,unacc
acc,acc
acc,acc
unacc,unacc
acc,acc
acc,acc
unacc,unacc
unacc,unacc
unacc,unacc
unacc,unacc
unacc,unacc
unacc,unacc
unacc,unacc
unacc,unacc
unacc,unacc
unacc,unacc
acc,unacc
acc,acc
unacc,unacc
acc,acc
acc,acc
unacc,unacc
acc,acc
acc,acc
unacc,unacc
acc,unacc
acc,acc
unacc,unacc
acc,acc
acc,acc
unacc,unacc
acc,acc
acc,acc
unacc,unacc
unacc,unacc
unacc,unacc
unacc,unacc
unacc,unacc
unacc,unacc
unacc,unacc
unacc,unacc
unacc,unacc
unacc,unacc
acc,unacc
acc,acc
unacc,unacc
acc,acc
acc,acc
unacc,unacc
acc,acc
acc,acc
unacc,unacc
acc,unacc
acc,acc
unacc,unacc
acc,acc
acc,acc
unacc,unacc
acc,acc
acc,acc
unacc,unacc
unacc,unacc
unacc,unacc
unacc,unacc
unacc,unacc
unacc,unacc
unacc,unacc
unacc,unacc
unacc,unacc
unacc,unacc
unacc,unacc
unacc,acc
unacc,unacc
unacc,unacc
acc,acc
unacc,unacc
acc,acc
acc,acc
unacc,unacc
unacc,unacc
unacc,unacc
unacc,unacc
unacc,unacc
acc,acc
unacc,unacc
acc,acc
acc,acc
unacc,unacc
unacc,unacc
unacc,unacc
unacc,unacc
unacc,unacc
unacc,unacc
unacc,unacc
unacc,unacc
unacc,unacc
unacc,unacc
unacc,unacc
acc,acc
unacc,unacc
acc,unacc
acc,acc
unacc,unacc
acc,acc
acc,acc
unacc,unacc
unacc,unacc
acc,acc
unacc,unacc
acc,acc
acc,acc
unacc,unacc
acc,acc
acc,acc
unacc,unacc
unacc,unacc
unacc,unacc
unacc,unacc
unacc,unacc
unacc,unacc
unacc,unacc
unacc,unacc
unacc,unacc
unacc,unacc
unacc,unacc
acc,acc
unacc,unacc
acc,acc
acc,acc
unacc,unacc
acc,acc
acc,acc
unacc,unacc
unacc,unacc
acc,acc
unacc,unacc
acc,acc
acc,acc
unacc,unacc
acc,acc
acc,acc
unacc,unacc
unacc,unacc
unacc,unacc
unacc,unacc
unacc,unacc
unacc,unacc
unacc,unacc
unacc,unacc
unacc,unacc
unacc,unacc
unacc,unacc
acc,acc
unacc,unacc
acc,acc
acc,acc
unacc,unacc
acc,acc
acc,acc
unacc,unacc
unacc,unacc
acc,acc
unacc,unacc
acc,acc
acc,acc
unacc,unacc
acc,acc
acc,acc
unacc,unacc
unacc,unacc
unacc,unacc
unacc,unacc
unacc,unacc
unacc,unacc
unacc,unacc
unacc,unacc
unacc,unacc
unacc,unacc
unacc,unacc
unacc,acc
unacc,unacc
unacc,unacc
acc,acc
unacc,unacc
unacc,acc
acc,acc
unacc,unacc
unacc,unacc
unacc,unacc
unacc,unacc
unacc,unacc
unacc,acc
unacc,unacc
unacc,acc
acc,acc
unacc,unacc
unacc,unacc
unacc,unacc
unacc,unacc
unacc,unacc
unacc,unacc
unacc,unacc
unacc,unacc
unacc,unacc
unacc,unacc
unacc,unacc
unacc,acc
unacc,unacc
unacc,unacc
acc,acc
unacc,unacc
acc,acc
acc,acc
unacc,unacc
unacc,unacc
unacc,acc
unacc,unacc
unacc,acc
acc,acc
unacc,unacc
unacc,acc
acc,acc
unacc,unacc
unacc,unacc
unacc,unacc
unacc,unacc
unacc,unacc
unacc,unacc
unacc,unacc
unacc,unacc
unacc,unacc
unacc,unacc
unacc,unacc
acc,acc
unacc,unacc
acc,acc
acc,acc
unacc,unacc
acc,acc
acc,acc
unacc,unacc
unacc,unacc
unacc,acc
unacc,unacc
unacc,acc
acc,acc
unacc,unacc
acc,acc
acc,acc
unacc,unacc
unacc,unacc
unacc,unacc
unacc,unacc
unacc,unacc
unacc,unacc
unacc,unacc
unacc,unacc
unacc,unacc
unacc,unacc
unacc,unacc
acc,acc
unacc,unacc
acc,acc
acc,acc
unacc,unacc
acc,acc
acc,acc
unacc,unacc
unacc,unacc
unacc,acc
unacc,unacc
unacc,acc
acc,acc
unacc,unacc
acc,acc
acc,acc
unacc,unacc
unacc,unacc
unacc,unacc
unacc,unacc
unacc,unacc
unacc,unacc
unacc,unacc
unacc,unacc
unacc,unacc
unacc,unacc
unacc,unacc
acc,acc
unacc,unacc
acc,unacc
acc,acc
unacc,unacc
acc,acc
acc,acc
unacc,unacc
unacc,unacc
acc,unacc
unacc,unacc
acc,unacc
acc,acc
unacc,unacc
acc,acc
acc,acc
unacc,unacc
unacc,unacc
unacc,unacc
unacc,unacc
unacc,unacc
unacc,unacc
unacc,unacc
unacc,unacc
unacc,unacc
unacc,unacc
acc,unacc
acc,acc
unacc,unacc
acc,unacc
acc,acc
unacc,unacc
acc,acc
acc,acc
unacc,unacc
unacc,unacc
acc,acc
unacc,unacc
acc,acc
acc,acc
unacc,unacc
acc,acc
acc,acc
unacc,unacc
unacc,unacc
unacc,unacc
unacc,unacc
unacc,unacc
unacc,unacc
unacc,unacc
unacc,unacc
unacc,unacc
unacc,unacc
acc,unacc
acc,acc
unacc,unacc
acc,acc
acc,acc
unacc,unacc
acc,acc
acc,acc
unacc,unacc
acc,unacc
acc,acc
unacc,unacc
acc,acc
acc,acc
unacc,unacc
acc,acc
acc,acc
unacc,unacc
unacc,unacc
unacc,unacc
unacc,unacc
unacc,unacc
unacc,unacc
unacc,unacc
unacc,unacc
unacc,unacc
unacc,unacc
acc,unacc
acc,acc
unacc,unacc
acc,acc
acc,acc
unacc,unacc
acc,acc
acc,acc
unacc,unacc
acc,unacc
acc,acc
unacc,unacc
acc,acc
acc,acc
unacc,unacc
acc,acc
acc,acc
unacc,unacc
unacc,unacc
unacc,unacc
unacc,unacc
unacc,unacc
unacc,unacc
unacc,unacc
unacc,unacc
unacc,unacc
unacc,unacc
acc,acc
acc,acc
unacc,unacc
acc,acc
acc,acc
unacc,unacc
acc,acc
acc,vgood
unacc,unacc
unacc,unacc
acc,unacc
unacc,unacc
acc,acc
acc,acc
unacc,unacc
acc,acc
acc,vgood
unacc,unacc
unacc,unacc
unacc,unacc
unacc,unacc
unacc,unacc
unacc,unacc
unacc,unacc
unacc,unacc
unacc,unacc
unacc,unacc
acc,acc
acc,acc
unacc,unacc
acc,acc
acc,acc
unacc,unacc
acc,acc
acc,vgood
unacc,unacc
acc,acc
acc,acc
unacc,unacc
acc,acc
acc,vgood
unacc,unacc
acc,acc
acc,vgood
unacc,unacc
unacc,unacc
unacc,unacc
unacc,unacc
unacc,unacc
unacc,unacc
unacc,unacc
unacc,unacc
unacc,unacc
unacc,unacc
acc,acc
acc,acc
unacc,unacc
acc,acc
acc,vgood
unacc,unacc
acc,acc
acc,vgood
unacc,unacc
acc,acc
acc,acc
unacc,unacc
acc,acc
acc,vgood
unacc,unacc
acc,acc
vgood,vgood
unacc,unacc
unacc,unacc
unacc,unacc
unacc,unacc
unacc,unacc
unacc,unacc
unacc,unacc
unacc,unacc
unacc,unacc
unacc,unacc
acc,acc
acc,acc
unacc,unacc
acc,acc
acc,vgood
unacc,unacc
acc,acc
acc,vgood
unacc,unacc
acc,acc
acc,acc
unacc,unacc
acc,acc
acc,vgood
unacc,unacc
acc,acc
vgood,vgood
unacc,unacc
unacc,unacc
unacc,unacc
unacc,unacc
unacc,unacc
unacc,unacc
unacc,unacc
unacc,unacc
unacc,unacc
unacc,unacc
unacc,acc
acc,good
unacc,unacc
acc,acc
acc,good
unacc,unacc
acc,good
acc,vgood
unacc,unacc
unacc,unacc
acc,unacc
unacc,unacc
acc,acc
acc,good
unacc,unacc
acc,good
acc,vgood
unacc,unacc
unacc,unacc
unacc,unacc
unacc,unacc
unacc,unacc
unacc,unacc
unacc,unacc
unacc,unacc
unacc,unacc
unacc,unacc
acc,acc
acc,good
unacc,unacc
acc,acc
acc,good
unacc,unacc
acc,good
acc,vgood
unacc,unacc
acc,acc
acc,good
unacc,unacc
acc,good
acc,vgood
unacc,unacc
acc,good
vgood,vgood
unacc,unacc
unacc,unacc
unacc,unacc
unacc,unacc
unacc,unacc
unacc,unacc
unacc,unacc
unacc,unacc
unacc,unacc
unacc,unacc
acc,acc
acc,good
unacc,unacc
acc,good
acc,vgood
unacc,unacc
acc,good
vgood,vgood
unacc,unacc
acc,acc
acc,good
unacc,unacc
acc,good
acc,vgood
unacc,unacc
acc,good
vgood,vgood
unacc,unacc
unacc,unacc
unacc,unacc
unacc,unacc
unacc,unacc
unacc,unacc
unacc,unacc
unacc,unacc
unacc,unacc
unacc,unacc
acc,acc
acc,good
unacc,unacc
acc,good
acc,vgood
unacc,unacc
acc,good
vgood,vgood
unacc,unacc
acc,acc
acc,good
unacc,unacc
acc,good
acc,vgood
unacc,unacc
acc,good
vgood,vgood
unacc,unacc
unacc,unacc
unacc,unacc
unacc,unacc
unacc,unacc
unacc,unacc
unacc,unacc
unacc,unacc
unacc,unacc
unacc,unacc
unacc,unacc
unacc,acc
unacc,unacc
unacc,unacc
unacc,acc
unacc,unacc
unacc,acc
unacc,acc
unacc,unacc
unacc,unacc
unacc,unacc
unacc,unacc
unacc,unacc
unacc,acc
unacc,unacc
unacc,acc
unacc,acc
unacc,unacc
unacc,unacc
unacc,unacc
unacc,unacc
unacc,unacc
unacc,unacc
unacc,unacc
unacc,unacc
unacc,unacc
unacc,unacc
unacc,unacc
unacc,acc
unacc,unacc
unacc,unacc
acc,acc
unacc,unacc
unacc,acc
acc,acc
unacc,unacc
unacc,unacc
unacc,acc
unacc,unacc
unacc,acc
acc,acc
unacc,unacc
unacc,acc
acc,acc
unacc,unacc
unacc,unacc
unacc,unacc
unacc,unacc
unacc,unacc
unacc,unacc
unacc,unacc
unacc,unacc
unacc,unacc
unacc,unacc
unacc,unacc
unacc,acc
unacc,unacc
unacc,acc
acc,acc
unacc,unacc
unacc,acc
acc,acc
unacc,unacc
unacc,unacc
unacc,acc
unacc,unacc
unacc,acc
acc,acc
unacc,unacc
unacc,acc
acc,acc
unacc,unacc
unacc,unacc
unacc,unacc
unacc,unacc
unacc,unacc
unacc,unacc
unacc,unacc
unacc,unacc
unacc,unacc
unacc,unacc
unacc,unacc
unacc,acc
unacc,unacc
unacc,acc
acc,acc
unacc,unacc
unacc,acc
acc,acc
unacc,unacc
unacc,unacc
unacc,acc
unacc,unacc
unacc,acc
acc,acc
unacc,unacc
unacc,acc
acc,acc
unacc,unacc
unacc,unacc
unacc,unacc
unacc,unacc
unacc,unacc
unacc,unacc
unacc,unacc
unacc,unacc
unacc,unacc
unacc,unacc
unacc,acc
unacc,acc
unacc,unacc
unacc,acc
acc,acc
unacc,unacc
acc,acc
acc,vgood
unacc,unacc
unacc,unacc
unacc,unacc
unacc,unacc
unacc,acc
acc,acc
unacc,unacc
acc,acc
acc,vgood
unacc,unacc
unacc,unacc
unacc,unacc
unacc,unacc
unacc,unacc
unacc,unacc
unacc,unacc
unacc,unacc
unacc,unacc
unacc,unacc
unacc,acc
acc,acc
unacc,unacc
acc,acc
acc,acc
unacc,unacc
acc,acc
acc,vgood
unacc,unacc
unacc,acc
acc,acc
unacc,unacc
acc,acc
acc,vgood
unacc,unacc
acc,acc
acc,vgood
unacc,unacc
unacc,unacc
unacc,unacc
unacc,unacc
unacc,unacc
unacc,unacc
unacc,unacc
unacc,unacc
unacc,unacc
unacc,unacc
unacc,acc
acc,acc
unacc,unacc
acc,acc
acc,vgood
unacc,unacc
acc,acc
acc,vgood
unacc,unacc
unacc,acc
acc,acc
unacc,unacc
acc,acc
acc,vgood
unacc,unacc
acc,acc
vgood,vgood
unacc,unacc
unacc,unacc
unacc,unacc
unacc,unacc
unacc,unacc
unacc,unacc
unacc,unacc
unacc,unacc
unacc,unacc
unacc,unacc
unacc,acc
acc,acc
unacc,unacc
acc,acc
acc,vgood
unacc,unacc
acc,acc
acc,vgood
unacc,unacc
unacc,acc
acc,acc
unacc,unacc
acc,acc
acc,vgood
unacc,unacc
acc,acc
vgood,vgood
unacc,unacc
unacc,unacc
unacc,unacc
unacc,unacc
unacc,unacc
unacc,unacc
unacc,unacc
unacc,unacc
unacc,unacc
unacc,unacc
unacc,acc
acc,good
unacc,unacc
acc,acc
acc,good
unacc,unacc
acc,good
vgood,vgood
unacc,unacc
unacc,unacc
acc,unacc
unacc,unacc
acc,acc
acc,good
unacc,unacc
acc,good
vgood,vgood
unacc,unacc
unacc,unacc
unacc,unacc
unacc,unacc
unacc,unacc
unacc,unacc
unacc,unacc
unacc,unacc
unacc,unacc
unacc,unacc
acc,acc
acc,good
unacc,unacc
acc,acc
acc,good
unacc,unacc
acc,good
vgood,vgood
unacc,unacc
acc,acc
acc,good
unacc,unacc
acc,good
vgood,vgood
unacc,unacc
acc,good
vgood,vgood
unacc,unacc
unacc,unacc
unacc,unacc
unacc,unacc
unacc,unacc
unacc,unacc
unacc,unacc
unacc,unacc
unacc,unacc
unacc,unacc
acc,acc
acc,good
unacc,unacc
acc,good
vgood,vgood
unacc,unacc
acc,good
vgood,vgood
unacc,unacc
acc,acc
acc,good
unacc,unacc
acc,good
vgood,vgood
unacc,unacc
acc,good
vgood,vgood
unacc,unacc
unacc,unacc
unacc,unacc
unacc,unacc
unacc,unacc
unacc,unacc
unacc,unacc
unacc,unacc
unacc,unacc
unacc,unacc
acc,acc
acc,good
unacc,unacc
acc,good
vgood,vgood
unacc,unacc
acc,good
vgood,vgood
unacc,unacc
acc,acc
acc,good
unacc,unacc
acc,good
vgood,vgood
unacc,unacc
acc,good
vgood,vgood
unacc,unacc
unacc,unacc
unacc,unacc
unacc,unacc
unacc,unacc
unacc,unacc
unacc,unacc
unacc,unacc
unacc,unacc
unacc,unacc
good,acc
good,good
unacc,unacc
good,acc
good,good
unacc,unacc
good,good
vgood,vgood
unacc,unacc
good,unacc
good,unacc
unacc,unacc
good,acc
vgood,good
unacc,unacc
good,good
vgood,vgood
unacc,unacc
unacc,unacc
unacc,unacc
unacc,unacc
unacc,unacc
unacc,unacc
unacc,unacc
unacc,unacc
unacc,unacc
unacc,unacc
good,acc
good,good
unacc,unacc
good,acc
vgood,good
unacc,unacc
good,good
vgood,vgood
unacc,unacc
good,acc
good,good
unacc,unacc
good,good
vgood,vgood
unacc,unacc
good,good
vgood,vgood
unacc,unacc
unacc,unacc
unacc,unacc
unacc,unacc
unacc,unacc
unacc,unacc
unacc,unacc
unacc,unacc
unacc,unacc
unacc,unacc
good,acc
good,good
unacc,unacc
good,good
vgood,vgood
unacc,unacc
good,good
vgood,vgood
unacc,unacc
good,acc
good,good
unacc,unacc
good,good
vgood,vgood
unacc,unacc
good,good
vgood,vgood
unacc,unacc
unacc,unacc
unacc,unacc
unacc,unacc
unacc,unacc
unacc,unacc
unacc,unacc
unacc,unacc
unacc,unacc
unacc,unacc
good,acc
good,good
unacc,unacc
good,good
vgood,vgood
unacc,unacc
good,good
vgood,vgood
unacc,unacc
good,acc
good,good
unacc,unacc
good,good
vgood,vgood
unacc,unacc
good,good
vgood,vgood
,
,
,unacc
